response,sources_count
"During a federal student loan grace period, you are not required to make monthly payments
 and how does the process work?","Consolidating federal student loans can have several advantages and disadvantages

Pros:
- Restores eligibility for Title IV aid by resolving overborrowing issues.
- Simplifies repayment by consolidating multiple loans into a single loan.
- Can be considered a satisfactory arrangement to repay excess amounts exceeding loan limits.

Cons:
 as borrowers may not be informed of loan terms, interest rates
 which may lead to consolidating loans with less favorable terms or excluding better options.
- Potential complications with unallocated consolidation loan amounts that are not clearly attributable to specific loans.

Process:
- Borrowers submit an application to consolidate their federal student loans.
- The consolidation process may be put on hold due to legal or administrative issues but can still be completed without further notice.
 the new Direct Consolidation Loan replaces the original loans, and the outstanding amounts of paid-off loans are counted toward the borrowerâ€™s aggregate loan limits.
 such as Direct Loans, FFEL Program loans

 there are also concerns about transparency and communication during the process, as some borrowers have reported not being fully informed about the terms and conditions of their consolidation loans."
"Based on the information available, it appears that lowering your monthly student loan payment may be possible through options like income-driven repayment plans or deferment/forbearance. However

 I recommend contacting your loan servicer directly to discuss eligibility for income-driven repayment plans, which can adjust your monthly payments based on your income and family size. You may also consider deferment or forbearance if you're experiencing financial hardship.

5,True
You have made an unspecified number of qualifying payments for Public Service Loan Forgiveness (PSLF)", including during the pandemic forbearance period. The exact number is not provided
The provided information does not include specific instructions on how to apply for a Total and Permanent Disability (TPD) discharge for federal student loans. Would you like me to look up the official process for applying for TPD discharge?,2
"Federal Student Aid provides accommodations for borrowers who need accessible communication formats. For example, MOHELA offers accommodations for applicants with disabilities via phone or email
",
